phase,N,regen,protocol,memory,seed,U_total,cooperation,gini,stability_var,collapsed,t_collapse,U_per_agent
phase2,7,3,no_chat,M0,0,29,0.6547619047619048,0.541871921182266,0.13392857142857142,1,3,"[1, 1, 1, 12, 1, 12, 1]"
phase2,7,3,no_chat,M0,1,29,0.6547619047619048,0.541871921182266,0.13392857142857142,1,3,"[1, 12, 1, 12, 1, 1, 1]"
phase2,7,3,no_chat,M0,2,29,0.6547619047619048,0.541871921182266,0.13392857142857142,1,3,"[12, 12, 1, 1, 1, 1, 1]"
phase2,7,3,no_chat,M1,0,29,0.6547619047619048,0.541871921182266,0.13392857142857142,1,3,"[1, 1, 1, 12, 1, 12, 1]"
phase2,7,3,no_chat,M1,1,29,0.6547619047619048,0.541871921182266,0.13392857142857142,1,3,"[1, 12, 1, 12, 1, 1, 1]"
phase2,7,3,no_chat,M1,2,29,0.6547619047619048,0.541871921182266,0.13392857142857142,1,3,"[12, 12, 1, 1, 1, 1, 1]"
phase2,7,3,no_chat,M2,0,29,0.6547619047619048,0.541871921182266,0.13392857142857142,1,3,"[1, 1, 1, 12, 1, 12, 1]"
phase2,7,3,no_chat,M2,1,29,0.6547619047619048,0.541871921182266,0.13392857142857142,1,3,"[1, 12, 1, 12, 1, 1, 1]"
phase2,7,3,no_chat,M2,2,29,0.6547619047619048,0.541871921182266,0.13392857142857142,1,3,"[12, 12, 1, 1, 1, 1, 1]"
phase2,7,3,roundtable,M0,0,31,0.5079365079365079,0.3317972350230416,0.03174603174603175,1,2,"[3, 3, 3, 9, 1, 9, 3]"
phase2,7,3,roundtable,M0,1,31,0.5079365079365079,0.3317972350230416,0.03174603174603175,1,2,"[3, 9, 1, 9, 3, 3, 3]"
phase2,7,3,roundtable,M0,2,31,0.5079365079365079,0.3317972350230416,0.03174603174603175,1,2,"[9, 9, 3, 3, 3, 1, 3]"
phase2,7,3,roundtable,M1,0,31,0.5079365079365079,0.3317972350230416,0.03174603174603175,1,2,"[3, 3, 3, 9, 1, 9, 3]"
phase2,7,3,roundtable,M1,1,31,0.5079365079365079,0.3317972350230416,0.03174603174603175,1,2,"[3, 9, 1, 9, 3, 3, 3]"
phase2,7,3,roundtable,M1,2,31,0.5079365079365079,0.3317972350230416,0.03174603174603175,1,2,"[9, 9, 3, 3, 3, 1, 3]"
phase2,7,3,roundtable,M2,0,31,0.5079365079365079,0.3317972350230416,0.03174603174603175,1,2,"[3, 3, 3, 9, 1, 9, 3]"
phase2,7,3,roundtable,M2,1,31,0.5079365079365079,0.3317972350230416,0.03174603174603175,1,2,"[3, 9, 1, 9, 3, 3, 3]"
phase2,7,3,roundtable,M2,2,31,0.5079365079365079,0.3317972350230416,0.03174603174603175,1,2,"[9, 9, 3, 3, 3, 1, 3]"
phase2,7,3,mediator,M0,0,31,0.5079365079365079,0.3317972350230416,0.03174603174603175,1,2,"[3, 3, 3, 9, 1, 9, 3]"
phase2,7,3,mediator,M0,1,31,0.5079365079365079,0.3317972350230416,0.03174603174603175,1,2,"[3, 9, 1, 9, 3, 3, 3]"
phase2,7,3,mediator,M0,2,31,0.5079365079365079,0.3317972350230416,0.03174603174603175,1,2,"[9, 9, 3, 3, 3, 1, 3]"
phase2,7,3,mediator,M1,0,31,0.5079365079365079,0.3317972350230416,0.03174603174603175,1,2,"[3, 3, 3, 9, 1, 9, 3]"
phase2,7,3,mediator,M1,1,31,0.5079365079365079,0.3317972350230416,0.03174603174603175,1,2,"[3, 9, 1, 9, 3, 3, 3]"
phase2,7,3,mediator,M1,2,31,0.5079365079365079,0.3317972350230416,0.03174603174603175,1,2,"[9, 9, 3, 3, 3, 1, 3]"
phase2,7,3,mediator,M2,0,31,0.5079365079365079,0.3317972350230416,0.03174603174603175,1,2,"[3, 3, 3, 9, 1, 9, 3]"
phase2,7,3,mediator,M2,1,31,0.5079365079365079,0.3317972350230416,0.03174603174603175,1,2,"[3, 9, 1, 9, 3, 3, 3]"
phase2,7,3,mediator,M2,2,31,0.5079365079365079,0.3317972350230416,0.03174603174603175,1,2,"[9, 9, 3, 3, 3, 1, 3]"
phase2,9,3,no_chat,M0,0,31,0.712962962962963,0.5519713261648744,0.14583333333333334,1,3,"[1, 1, 12, 1, 12, 1, 1, 1, 1]"
phase2,9,3,no_chat,M0,1,31,0.712962962962963,0.5519713261648744,0.14583333333333334,1,3,"[1, 1, 1, 12, 1, 12, 1, 1, 1]"
phase2,9,3,no_chat,M0,2,31,0.712962962962963,0.5519713261648744,0.14583333333333334,1,3,"[1, 1, 12, 12, 1, 1, 1, 1, 1]"
phase2,9,3,no_chat,M1,0,31,0.712962962962963,0.5519713261648744,0.14583333333333334,1,3,"[1, 1, 12, 1, 12, 1, 1, 1, 1]"
phase2,9,3,no_chat,M1,1,31,0.712962962962963,0.5519713261648744,0.14583333333333334,1,3,"[1, 1, 1, 12, 1, 12, 1, 1, 1]"
phase2,9,3,no_chat,M1,2,31,0.712962962962963,0.5519713261648744,0.14583333333333334,1,3,"[1, 1, 12, 12, 1, 1, 1, 1, 1]"
phase2,9,3,no_chat,M2,0,31,0.712962962962963,0.5519713261648744,0.14583333333333334,1,3,"[1, 1, 12, 1, 12, 1, 1, 1, 1]"
phase2,9,3,no_chat,M2,1,31,0.712962962962963,0.5519713261648744,0.14583333333333334,1,3,"[1, 1, 1, 12, 1, 12, 1, 1, 1]"
phase2,9,3,no_chat,M2,2,31,0.712962962962963,0.5519713261648744,0.14583333333333334,1,3,"[1, 1, 12, 12, 1, 1, 1, 1, 1]"
phase2,9,3,roundtable,M0,0,24,0.5555555555555556,0.32407407407407396,0.05555555555555555,1,1,"[1, 2, 6, 2, 6, 2, 2, 2, 1]"
phase2,9,3,roundtable,M0,1,24,0.5555555555555556,0.32407407407407396,0.05555555555555555,1,1,"[1, 2, 2, 6, 2, 6, 2, 2, 1]"
phase2,9,3,roundtable,M0,2,24,0.5555555555555556,0.32407407407407396,0.05555555555555555,1,1,"[2, 2, 6, 6, 1, 2, 1, 2, 2]"
phase2,9,3,roundtable,M1,0,24,0.5555555555555556,0.32407407407407396,0.05555555555555555,1,1,"[1, 2, 6, 2, 6, 2, 2, 2, 1]"
phase2,9,3,roundtable,M1,1,24,0.5555555555555556,0.32407407407407396,0.05555555555555555,1,1,"[1, 2, 2, 6, 2, 6, 2, 2, 1]"
phase2,9,3,roundtable,M1,2,24,0.5555555555555556,0.32407407407407396,0.05555555555555555,1,1,"[2, 2, 6, 6, 1, 2, 1, 2, 2]"
phase2,9,3,roundtable,M2,0,24,0.5555555555555556,0.32407407407407396,0.05555555555555555,1,1,"[1, 2, 6, 2, 6, 2, 2, 2, 1]"
phase2,9,3,roundtable,M2,1,24,0.5555555555555556,0.32407407407407396,0.05555555555555555,1,1,"[1, 2, 2, 6, 2, 6, 2, 2, 1]"
phase2,9,3,roundtable,M2,2,24,0.5555555555555556,0.32407407407407396,0.05555555555555555,1,1,"[2, 2, 6, 6, 1, 2, 1, 2, 2]"
phase2,9,3,mediator,M0,0,24,0.5555555555555556,0.32407407407407396,0.05555555555555555,1,1,"[1, 2, 6, 2, 6, 2, 2, 2, 1]"
phase2,9,3,mediator,M0,1,24,0.5555555555555556,0.32407407407407396,0.05555555555555555,1,1,"[1, 2, 2, 6, 2, 6, 2, 2, 1]"
phase2,9,3,mediator,M0,2,24,0.5555555555555556,0.32407407407407396,0.05555555555555555,1,1,"[2, 2, 6, 6, 1, 2, 1, 2, 2]"
phase2,9,3,mediator,M1,0,24,0.5555555555555556,0.32407407407407396,0.05555555555555555,1,1,"[1, 2, 6, 2, 6, 2, 2, 2, 1]"
phase2,9,3,mediator,M1,1,24,0.5555555555555556,0.32407407407407396,0.05555555555555555,1,1,"[1, 2, 2, 6, 2, 6, 2, 2, 1]"
phase2,9,3,mediator,M1,2,24,0.5555555555555556,0.32407407407407396,0.05555555555555555,1,1,"[2, 2, 6, 6, 1, 2, 1, 2, 2]"
phase2,9,3,mediator,M2,0,24,0.5555555555555556,0.32407407407407396,0.05555555555555555,1,1,"[1, 2, 6, 2, 6, 2, 2, 2, 1]"
phase2,9,3,mediator,M2,1,24,0.5555555555555556,0.32407407407407396,0.05555555555555555,1,1,"[1, 2, 2, 6, 2, 6, 2, 2, 1]"
phase2,9,3,mediator,M2,2,24,0.5555555555555556,0.32407407407407396,0.05555555555555555,1,1,"[2, 2, 6, 6, 1, 2, 1, 2, 2]"
